,order_status,Monthly Income,latitude,Marital Status,Gender,employment_status,Family size,Reviews,Pin code,Age,longitude,Educational Qualifications,,9,#@%
0,Yes,25001 to 50000,13.0262,Married,Male,Employee,5.0,Positive,560045,28.0,77.62,Post Graduate,Yes,,swiggyscount
1,Yes,No Income,12.977,Single,Male,Student,,Positive,560009,,77.5773,Post Graduate,Yes,,*7435
2,Yes,No Income,12.977,Single,Female,Student,,Positive,560009,,77.5773,Post Graduate,Yes,,*7435
3,Yes,No Income,13.0019,Single,Female,Student,,Positive,560003,,77.5713,Post Graduate,Yes,,*7435
4,Yes,More than 50000,13.0626,Married,Male,Self Employeed,,Positive,560015,,77.5284,School,Yes,,*7435
5,Yes,No Income,12.9369,Single,Female,Student,2.0,Positive,560095,22.0,77.6407,Graduate,Yes,,*7435
6,Yes,More than 50000,12.9442,Married,Male,Employee,6.0,Positive,560030,25.0,77.6076,Post Graduate,Yes,,
7,No,25001 to 50000,13.0103,Single,Female,Self Employeed,3.0,Negative ,560080,24.0,77.5796,Post Graduate,No,,
8,Yes,10001 to 25000,12.982,Married,Male,Self Employeed,3.0,Negative ,560008,22.0,77.6256,School,Yes,,
9,Yes,No Income,12.9561,Single,Male,Student,2.0,Positive,560027,24.0,77.5921,Graduate,Yes,,
10,Yes,More than 50000,12.9299,Married,Female,Employee,2.0,Positive,560103,27.0,77.6848,Post Graduate,Yes,,
11,No,No Income,13.0012,Single,Male,Student,2.0,Positive,560046,21.0,77.5995,Graduate,No,,
12,Yes,No Income,12.9343,Single,Male,Student,1.0,Positive,560029,25.0,77.6044,Post Graduate,Yes,,
13,Yes,No Income,12.977,Single,Male,Student,1.0,Positive,560009,25.0,77.5773,Graduate,Yes,,
14,Yes,25001 to 50000,12.957,Married,Female,Employee,2.0,Negative ,560018,24.0,77.5637,Post Graduate,Yes,,
15,Yes,10001 to 25000,12.9442,Single,Male,Employee,4.0,Positive,560030,24.0,77.6076,Graduate,Yes,,
16,Yes,25001 to 50000,12.9706,Married,Male,Employee,3.0,Positive,560075,32.0,77.6529,Graduate,Yes,,
17,Yes,No Income,12.9343,Single,Female,Student,3.0,Positive,560029,22.0,77.6044,Graduate,Yes,,
18,Yes,25001 to 50000,12.9662,Single,Male,Employee,2.0,Positive,560025,24.0,77.6068,Post Graduate,Yes,,
19,Yes,No Income,13.0734,Single,Female,Student,2.0,Positive,560014,20.0,77.5464,Graduate,Yes,,
20,No,More than 50000,13.0809,Married,Male,Self Employeed,1.0,Negative ,560097,30.0,77.5565,Graduate,No,,
21,No,10001 to 25000,12.9706,Married,Female,Self Employeed,5.0,Negative ,560075,26.0,77.6529,Graduate,No,,
22,Yes,10001 to 25000,12.9438,Single,Female,Self Employeed,5.0,Positive,560004,23.0,77.5738,Post Graduate,Yes,,
23,Yes,No Income,13.0067,Married,Female,Student,2.0,Positive,560086,28.0,77.545,Graduate,Yes,,
24,No,Below Rs.10000,12.9698,Single,Male,Employee,2.0,Positive,560066,25.0,77.75,Graduate,No,,
25,No,10001 to 25000,12.9335,Single,Female,Student,3.0,Positive,560028,24.0,77.5691,Post Graduate,No,,
26,Yes,10001 to 25000,12.982,Married,Male,Self Employeed,3.0,Negative ,560008,32.0,77.6256,School,Yes,,
27,Yes,Below Rs.10000,12.977,Single,Male,Student,2.0,Negative ,560009,23.0,77.5773,Post Graduate,Yes,,
28,No,No Income,13.0626,Single,Female,Student,5.0,Negative ,560015,24.0,77.5284,Post Graduate,No,,
29,Yes,No Income,12.9369,Single,Female,Student,2.0,Positive,560095,22.0,77.6407,Graduate,Yes,,
30,Yes,No Income,12.9766,Single,Female,Student,2.0,Positive,560001,23.0,77.5993,Post Graduate,Yes,,
31,No,More than 50000,13.0019,Married,Female,Employee,1.0,Positive,560003,32.0,77.5713,Graduate,No,,
32,Yes,10001 to 25000,12.9337,Single,Female,Employee,4.0,Positive,560011,24.0,77.59,Post Graduate,Yes,,
33,No,No Income,13.014,Married,Female,House wife,3.0,Positive,560012,32.0,77.5658,Uneducated,No,,
34,Yes,10001 to 25000,13.0206,Single,Male,Self Employeed,3.0,Positive,560043,25.0,77.6479,Graduate,Yes,,
35,Yes,No Income,12.977,Single,Female,Student,2.0,Positive,560009,23.0,77.5773,Post Graduate,Yes,,
36,Yes,No Income,13.0019,Single,Male,Student,2.0,Positive,560003,23.0,77.5713,Post Graduate,Yes,,
37,Yes,No Income,12.977,Single,Female,Student,3.0,Positive,560009,24.0,77.5773,Post Graduate,Yes,,
38,Yes,25001 to 50000,12.9967,Single,Female,Employee,2.0,Positive,560067,25.0,77.7582,Post Graduate,Yes,,
39,Yes,More than 50000,12.977,Single,Male,Student,3.0,Positive,560009,23.0,77.5773,Post Graduate,Yes,,
40,Yes,25001 to 50000,12.9783,Single,Male,Student,3.0,Positive,560038,22.0,77.6408,Graduate,Yes,,
41,Yes,No Income,12.9048,Single,Male,Student,6.0,Positive,560036,19.0,77.6821,Graduate,Yes,,
42,Yes,Below Rs.10000,12.985,Single,Male,Student,4.0,Positive,560010,22.0,77.5533,Post Graduate,Yes,,
43,No,25001 to 50000,12.9783,Married,Female,Employee,4.0,Negative ,560038,29.0,77.6408,Graduate,No,,
44,No,25001 to 50000,12.9551,Married,Female,Employee,4.0,Negative ,560017,25.0,77.6593,Graduate,No,,
45,No,No Income,13.0626,Single,Male,Student,2.0,Negative ,560015,20.0,77.5284,Graduate,No,,
46,Yes,25001 to 50000,12.8893,Single,Female,Employee,2.0,Positive,560068,24.0,77.6399,Graduate,Yes,,
47,Yes,No Income,13.0206,Single,Female,Student,5.0,Positive,560043,23.0,77.6479,Graduate,Yes,,
48,No,More than 50000,12.957,Married,Female,Employee,3.0,Positive,560018,29.0,77.5637,Graduate,No,,
49,No,25001 to 50000,12.9217,Married,Male,Self Employeed,6.0,Negative ,560041,27.0,77.5936,Graduate,No,,
50,No,25001 to 50000,12.9261,Married,Male,Employee,4.0,Negative ,560034,29.0,77.6221,Graduate,No,,
51,Yes,10001 to 25000,12.9925,Single,Male,Employee,2.0,Positive,560021,23.0,77.5633,Graduate,Yes,,
52,No,Below Rs.10000,12.9925,Single,Female,Employee,2.0,Negative ,560021,21.0,77.5633,Graduate,No,,
53,Yes,25001 to 50000,12.8845,Single,Female,Employee,4.0,Positive,560076,22.0,77.6036,Graduate,Yes,,
54,No,No Income,13.0487,Single,Male,Student,3.0,Negative ,560024,24.0,77.5923,Post Graduate,No,,
55,No,More than 50000,12.9698,Married,Male,Employee,3.0,Positive,560066,28.0,77.75,Graduate,No,,
56,Yes,Below Rs.10000,12.9343,Single,Female,Student,4.0,Positive,560029,22.0,77.6044,Post Graduate,Yes,,
57,Yes,No Income,12.9261,Single,Male,Student,2.0,Positive,560034,20.0,77.6221,Graduate,Yes,,
58,Yes,No Income,12.9149,Single,Female,Student,3.0,Positive,560070,21.0,77.5635,Post Graduate,Yes,,
59,Yes,10001 to 25000,12.9337,Single,Female,Employee,4.0,Positive,560011,24.0,77.59,Post Graduate,Yes,,
60,Yes,25001 to 50000,13.0078,Married,Female,Self Employeed,3.0,Positive,560055,27.0,77.5577,Graduate,Yes,,
61,Yes,More than 50000,12.9515,Married,Male,Employee,3.0,Positive,560056,24.0,77.4921,Post Graduate,Yes,,
62,Yes,10001 to 25000,13.0166,Single,Male,Employee,4.0,Positive,560016,25.0,77.6804,Graduate,Yes,,
63,Yes,More than 50000,12.8845,Single,Male,Self Employeed,6.0,Positive,560076,29.0,77.6036,Graduate,Yes,,
64,Yes,No Income,12.9854,Single,Female,Student,4.0,Positive,560048,23.0,77.7081,Post Graduate,Yes,,
65,Yes,10001 to 25000,12.9854,Single,Female,Employee,3.0,Positive,560048,23.0,77.7081,Graduate,Yes,,
66,Yes,25001 to 50000,12.998,Married,Male,Employee,2.0,Positive,560005,25.0,77.6227,Graduate,Yes,,
67,Yes,No Income,13.0734,Married,Male,Student,2.0,Positive,560014,22.0,77.5464,Graduate,Yes,,
68,Yes,10001 to 25000,12.9299,Single,Male,Employee,2.0,Positive,560103,22.0,77.6848,Graduate,Yes,,
69,Yes,No Income,13.0158,Single,Female,Student,2.0,Positive,560096,23.0,77.539,Post Graduate,Yes,,
70,Yes,No Income,12.977,Single,Male,Student,4.0,Positive,560009,25.0,77.5773,Post Graduate,Yes,,
71,Yes,25001 to 50000,12.9706,Married,Male,Employee,3.0,Positive,560075,32.0,77.6529,Graduate,Yes,,
72,No,More than 50000,12.957,Married,Male,Self Employeed,3.0,Negative ,560018,26.0,77.5637,Post Graduate,No,,
73,Yes,25001 to 50000,12.9766,Single,Male,Employee,3.0,Positive,560001,25.0,77.5993,Graduate,Yes,,
74,Yes,More than 50000,12.9037,Married,Male,Employee,5.0,Positive,560061,32.0,77.5376,Graduate,Yes,,
75,Yes,10001 to 25000,12.985,Single,Male,Employee,2.0,Positive,560010,23.0,77.5533,Post Graduate,Yes,,
76,No,10001 to 25000,12.9105,Married,Male,Employee,4.0,Positive,560060,26.0,77.4842,Graduate,No,,
77,Yes,No Income,12.977,Single,Male,Student,3.0,Positive,560009,22.0,77.5773,Graduate,Yes,,
78,Yes,More than 50000,13.0206,Married,Male,Self Employeed,4.0,Positive,560043,25.0,77.6479,Post Graduate,Yes,,
79,No,No Income,12.957,Single,Male,Student,2.0,Positive,560018,22.0,77.5637,Graduate,No,,
80,Yes,No Income,13.0158,Single,Male,Student,3.0,Positive,560096,22.0,77.539,Graduate,Yes,,
81,Yes,25001 to 50000,12.9561,Married,Male,Self Employeed,3.0,Positive,560027,25.0,77.5921,Graduate,Yes,,
82,Yes,No Income,12.9854,Single,Female,Student,4.0,Positive,560048,23.0,77.7081,Post Graduate,Yes,,
83,No,No Income,13.0012,Single,Male,Student,2.0,Negative ,560046,21.0,77.5995,Graduate,No,,
84,Yes,Below Rs.10000,12.9783,Single,Female,Student,1.0,Positive,560038,21.0,77.6408,Post Graduate,Yes,,
85,Yes,More than 50000,13.0103,Prefer not to say,Male,Self Employeed,2.0,Positive,560080,26.0,77.5796,Post Graduate,Yes,,
86,Yes,No Income,12.9854,Single,Female,Student,4.0,Positive,560048,23.0,77.7081,Post Graduate,Yes,,
87,Yes,No Income,12.9438,Single,Female,Student,3.0,Positive,560004,24.0,77.5738,Ph.D,Yes,,
88,Yes,No Income,12.977,Single,Male,Student,2.0,Positive,560009,23.0,77.5773,Post Graduate,Yes,,
89,No,10001 to 25000,12.8893,Married,Male,Employee,3.0,Negative ,560068,26.0,77.6399,Graduate,No,,
90,Yes,No Income,12.977,Single,Female,Student,1.0,Positive,560009,23.0,77.5773,Graduate,Yes,,
91,Yes,25001 to 50000,12.8845,Married,Male,Employee,2.0,Positive,560076,27.0,77.6036,Graduate,Yes,,
92,Yes,More than 50000,12.9859,Single,Male,Self Employeed,3.0,Positive,560093,25.0,77.6713,School,Yes,,
93,Yes,10001 to 25000,12.9757,Single,Female,Student,2.0,Positive,560023,25.0,77.5586,Graduate,Yes,,
94,Yes,25001 to 50000,12.8845,Single,Female,Employee,4.0,Positive,560076,22.0,77.6036,Graduate,Yes,,
95,Yes,10001 to 25000,13.0206,Single,Male,Self Employeed,3.0,Positive,560043,25.0,77.6479,Graduate,Yes,,
96,Yes,25001 to 50000,13.014,Married,Female,Employee,3.0,Positive,560012,26.0,77.5658,Graduate,Yes,,
97,Yes,No Income,12.9783,Single,Male,Student,5.0,Positive,560038,21.0,77.6408,Graduate,Yes,,
98,Yes,More than 50000,12.9369,Married,Male,Employee,6.0,Positive,560095,32.0,77.6407,Post Graduate,Yes,,
99,Yes,No Income,12.9847,Single,Male,Student,6.0,Positive,560100,21.0,77.5491,Graduate,Yes,,
100,No,More than 50000,12.9698,Single,Male,Employee,,Positive,560066,,77.75,Post Graduate,No,,
101,Yes,No Income,13.0626,Single,Male,Student,,Positive,560015,,77.5284,Post Graduate,Yes,,
102,Yes,10001 to 25000,12.985,Single,Female,Student,,Positive,560010,,77.5533,Post Graduate,Yes,,
103,Yes,No Income,13.0158,Single,Male,Student,,Positive,560096,,77.539,Graduate,Yes,,
104,Yes,25001 to 50000,12.9698,Single,Female,Employee,,Positive,560066,,77.75,Graduate,Yes,,
105,Yes,More than 50000,13.0487,Married,Male,Self Employeed,6.0,Positive,560024,31.0,77.5923,School,Yes,,
106,Yes,25001 to 50000,12.9635,Married,Female,Self Employeed,3.0,Positive,560002,27.0,77.5821,Graduate,Yes,,
107,Yes,No Income,13.0158,Single,Female,Student,3.0,Negative ,560096,22.0,77.539,Graduate,Yes,,
108,No,25001 to 50000,13.0289,Prefer not to say,Female,Employee,5.0,Positive,560022,27.0,77.54,Post Graduate,No,,
109,Yes,No Income,12.9889,Single,Male,Student,4.0,Positive,560020,22.0,77.5741,Graduate,Yes,,
110,Yes,10001 to 25000,12.9149,Single,Male,Self Employeed,2.0,Positive,560070,28.0,77.5635,Post Graduate,Yes,,
111,Yes,25001 to 50000,12.9343,Single,Male,Employee,2.0,Positive,560029,26.0,77.6044,Graduate,Yes,,
112,Yes,No Income,13.0641,Single,Male,Student,3.0,Negative ,560092,21.0,77.5931,Graduate,Yes,,
113,Yes,No Income,12.8988,Single,Male,Student,4.0,Negative ,560078,25.0,77.5764,Graduate,Yes,,
114,No,25001 to 50000,12.9251,Married,Male,Self Employeed,6.0,Negative ,560059,30.0,77.4992,School,No,,
115,Yes,No Income,12.9149,Single,Female,Student,3.0,Positive,560070,21.0,77.5635,Post Graduate,Yes,,
116,No,25001 to 50000,13.0103,Single,Female,Self Employeed,3.0,Negative ,560080,24.0,77.5796,Post Graduate,No,,
117,Yes,More than 50000,12.977,Single,Male,Student,3.0,Positive,560009,23.0,77.5773,Post Graduate,Yes,,
118,Yes,No Income,12.9828,Single,Female,Student,3.0,Positive,560042,24.0,77.6131,Post Graduate,Yes,,
119,Yes,No Income,12.9306,Single,Male,Student,3.0,Positive,560085,22.0,77.5434,Post Graduate,Yes,,
120,Yes,No Income,12.9783,Single,Male,Student,5.0,Positive,560038,21.0,77.6408,Graduate,Yes,,
121,Yes,No Income,13.0019,Single,Male,Student,4.0,Positive,560003,26.0,77.5713,Post Graduate,Yes,,
122,Yes,No Income,13.0626,Single,Male,Student,3.0,Positive,560015,24.0,77.5284,Post Graduate,Yes,,
123,Yes,Below Rs.10000,13.0166,Married,Female,Student,3.0,Positive,560016,26.0,77.6804,Ph.D,Yes,,
124,No,Below Rs.10000,12.9859,Married,Female,Employee,6.0,Negative ,560093,26.0,77.6713,Graduate,No,,
125,No,No Income,12.9105,Single,Female,Student,2.0,Positive,560060,23.0,77.4842,Graduate,No,,
126,Yes,No Income,12.9783,Single,Male,Student,4.0,Positive,560038,22.0,77.6408,Post Graduate,Yes,,
127,Yes,No Income,12.977,Single,Male,Student,2.0,Positive,560009,22.0,77.5773,Post Graduate,Yes,,
128,Yes,Below Rs.10000,12.9551,Single,Male,Employee,2.0,Positive,560017,24.0,77.6593,Graduate,Yes,,
129,No,No Income,12.9828,Married,Female,House wife,6.0,Positive,560042,30.0,77.6131,School,No,,
130,Yes,No Income,13.0103,Single,Female,Student,2.0,Positive,560080,21.0,77.5796,Graduate,Yes,,
131,No,25001 to 50000,12.9261,Married,Male,Employee,4.0,Negative ,560034,29.0,77.6221,Graduate,No,,
132,Yes,No Income,13.0487,Single,Female,Student,4.0,Positive,560024,23.0,77.5923,Post Graduate,Yes,,
133,Yes,25001 to 50000,12.9783,Single,Female,Employee,2.0,Positive,560038,28.0,77.6408,Post Graduate,Yes,,
134,Yes,25001 to 50000,12.8845,Married,Male,Employee,2.0,Positive,560076,27.0,77.6036,Graduate,Yes,,
135,Yes,25001 to 50000,13.102,Single,Female,Student,3.0,Positive,560064,24.0,77.5864,Post Graduate,Yes,,
136,Yes,No Income,12.977,Single,Male,Student,2.0,Positive,560009,22.0,77.5773,Post Graduate,Yes,,
137,No,No Income,13.0503,Single,Female,Student,5.0,Negative ,560013,27.0,77.5529,Ph.D,No,,
138,No,10001 to 25000,12.9335,Single,Female,Student,3.0,Positive,560028,24.0,77.5691,Post Graduate,No,,
139,Yes,No Income,12.9889,Married,Female,House wife,5.0,Positive,560020,32.0,77.5741,School,Yes,,
140,Yes,Below Rs.10000,13.0019,Single,Male,Student,4.0,Positive,560003,22.0,77.5713,Post Graduate,Yes,,
141,Yes,No Income,12.9766,Single,Female,Student,2.0,Positive,560001,23.0,77.5993,Post Graduate,Yes,,
142,Yes,10001 to 25000,12.9757,Single,Male,Employee,2.0,Positive,560023,25.0,77.5586,Graduate,Yes,,
143,No,25001 to 50000,13.0641,Single,Male,Employee,3.0,Negative ,560092,29.0,77.5931,Graduate,No,,
144,No,No Income,12.9369,Single,Female,Student,3.0,Positive,560095,23.0,77.6407,Post Graduate,No,,
145,No,More than 50000,12.9635,Married,Male,Self Employeed,6.0,Negative ,560002,24.0,77.5821,Ph.D,No,,
146,No,More than 50000,12.9719,Married,Male,Employee,5.0,Negative ,560072,30.0,77.5128,Graduate,No,,
147,Yes,No Income,12.9635,Single,Male,Student,5.0,Positive,560002,18.0,77.5821,Graduate,Yes,,
148,Yes,No Income,12.9343,Single,Male,Student,4.0,Positive,560029,23.0,77.6044,Graduate,Yes,,
149,Yes,No Income,12.8834,Married,Female,Student,2.0,Positive,560062,25.0,77.5486,Post Graduate,Yes,,
150,Yes,No Income,13.0067,Single,Male,Student,4.0,Positive,560086,25.0,77.545,Post Graduate,Yes,,
151,Yes,10001 to 25000,12.9783,Married,Male,Employee,4.0,Positive,560038,32.0,77.6408,Graduate,Yes,,
152,Yes,10001 to 25000,13.0138,Single,Male,Employee,1.0,Positive,560006,22.0,77.5877,Graduate,Yes,,
153,No,More than 50000,12.998,Married,Male,Employee,5.0,Negative ,560005,33.0,77.6227,Ph.D,No,,
154,No,More than 50000,12.985,Married,Male,Employee,5.0,Negative ,560010,27.0,77.5533,Ph.D,No,,
155,Yes,More than 50000,12.9783,Single,Male,Self Employeed,2.0,Positive,560038,25.0,77.6408,Graduate,Yes,,
156,No,25001 to 50000,13.0138,Single,Male,Employee,2.0,Negative ,560006,28.0,77.5877,Post Graduate,No,,
157,Yes,More than 50000,12.9369,Married,Male,Employee,6.0,Positive,560095,32.0,77.6407,Post Graduate,Yes,,
158,No,10001 to 25000,12.9698,Single,Male,Self Employeed,1.0,Positive,560066,26.0,77.75,Ph.D,No,,
159,Yes,No Income,12.9048,Single,Female,Student,3.0,Positive,560036,25.0,77.6821,Ph.D,Yes,,
160,Yes,No Income,12.9217,Single,Female,Student,1.0,Positive,560041,21.0,77.5936,Post Graduate,Yes,,
161,No,25001 to 50000,12.957,Married,Female,Self Employeed,3.0,Positive,560018,25.0,77.5637,Post Graduate,No,,
162,Yes,More than 50000,12.9859,Single,Male,Self Employeed,3.0,Positive,560093,25.0,77.6713,School,Yes,,
163,Yes,No Income,12.9635,Single,Male,Student,2.0,Positive,560002,25.0,77.5821,Post Graduate,Yes,,
164,Yes,25001 to 50000,13.014,Single,Male,Employee,3.0,Positive,560012,26.0,77.5658,Post Graduate,Yes,,
165,Yes,No Income,12.9353,Single,Female,Student,5.0,Positive,560050,22.0,77.5585,Post Graduate,Yes,,
166,Yes,No Income,12.977,Single,Male,Student,3.0,Positive,560009,22.0,77.5773,Graduate,Yes,,
167,Yes,No Income,12.977,Single,Female,Student,1.0,Positive,560009,23.0,77.5773,Graduate,Yes,,
168,Yes,No Income,12.9261,Single,Male,Student,2.0,Positive,560034,20.0,77.6221,Graduate,Yes,,
169,Yes,More than 50000,12.9306,Married,Male,Employee,3.0,Positive,560085,25.0,77.5434,Ph.D,Yes,,
170,No,No Income,12.9889,Single,Male,Student,2.0,Positive,560020,22.0,77.5741,Graduate,No,,
171,Yes,Below Rs.10000,12.977,Single,Male,Student,2.0,Positive,560009,23.0,77.5773,Post Graduate,Yes,,
172,Yes,No Income,12.9155,Single,Male,Student,3.0,Positive,560098,22.0,77.5135,Post Graduate,Yes,,
173,Yes,No Income,12.9343,Single,Male,Student,1.0,Positive,560029,25.0,77.6044,Post Graduate,Yes,,
174,Yes,No Income,12.977,Single,Male,Student,3.0,Positive,560009,23.0,77.5773,Post Graduate,Yes,,
175,Yes,More than 50000,12.9306,Married,Male,Employee,3.0,Positive,560085,31.0,77.5434,Ph.D,Yes,,
176,Yes,No Income,13.0206,Single,Female,Student,5.0,Positive,560043,23.0,77.6479,Graduate,Yes,,
177,Yes,No Income,12.977,Single,Male,Student,3.0,Positive,560009,24.0,77.5773,Post Graduate,Yes,,
178,Yes,No Income,12.9337,Single,Female,Student,2.0,Positive,560011,20.0,77.59,Graduate,Yes,,
179,Yes,No Income,12.9706,Single,Male,Student,2.0,Positive,560075,24.0,77.6529,Post Graduate,Yes,,
180,Yes,No Income,13.0641,Single,Male,Student,3.0,Positive,560092,21.0,77.5931,Graduate,Yes,,
181,Yes,No Income,13.0206,Single,Female,Student,5.0,Positive,560043,23.0,77.6479,Graduate,Yes,,
182,Yes,No Income,12.9783,Single,Female,Student,4.0,Positive,560038,24.0,77.6408,Post Graduate,Yes,,
183,Yes,More than 50000,12.9048,Married,Male,Employee,4.0,Positive,560036,26.0,77.6821,Graduate,Yes,,
184,Yes,More than 50000,12.9306,Married,Male,Employee,3.0,Positive,560085,21.0,77.5434,Ph.D,Yes,,
185,Yes,10001 to 25000,12.9698,Single,Female,Employee,5.0,Positive,560066,22.0,77.75,Graduate,Yes,,
186,Yes,10001 to 25000,12.9579,Married,Female,Self Employeed,5.0,Positive,560007,24.0,77.6309,Graduate,Yes,,
187,Yes,Below Rs.10000,12.957,Single,Male,Employee,1.0,Negative ,560018,26.0,77.5637,Post Graduate,Yes,,
188,Yes,No Income,12.977,Single,Female,Student,3.0,Positive,560009,24.0,77.5773,Graduate,Yes,,
189,Yes,No Income,12.977,Single,Male,Student,3.0,Positive,560009,22.0,77.5773,Graduate,Yes,,
190,Yes,No Income,12.9579,Single,Male,Student,2.0,Positive,560007,21.0,77.6309,Graduate,Yes,,
191,Yes,No Income,12.8845,Single,Female,Student,1.0,Positive,560076,22.0,77.6036,Post Graduate,Yes,,
192,No,Below Rs.10000,12.9859,Married,Female,Employee,6.0,Negative ,560093,26.0,77.6713,Graduate,No,,
193,Yes,No Income,12.8988,Single,Male,Student,5.0,Positive,560078,23.0,77.5764,Post Graduate,Yes,,
194,Yes,25001 to 50000,12.8845,Single,Female,Employee,4.0,Positive,560076,22.0,77.6036,Graduate,Yes,,
195,Yes,More than 50000,12.9261,Married,Male,Employee,4.0,Positive,560034,25.0,77.6221,Ph.D,Yes,,
196,No,10001 to 25000,12.9217,Single,Male,Employee,2.0,Negative ,560041,26.0,77.5936,Graduate,No,,
197,Yes,No Income,12.9442,Married,Female,House wife,6.0,Positive,560030,23.0,77.6076,School,Yes,,
198,Yes,No Income,12.9766,Single,Female,Student,3.0,Positive,560001,25.0,77.5993,Post Graduate,Yes,,
199,Yes,More than 50000,12.998,Single,Female,Employee,3.0,Positive,560005,26.0,77.6227,Graduate,Yes,,
200,Yes,No Income,12.977,Single,Female,Student,,Positive,560009,,77.5773,Post Graduate,Yes,,
201,Yes,No Income,13.0078,Married,Female,House wife,,Positive,560055,,77.5577,Graduate,Yes,,
202,Yes,10001 to 25000,13.0138,Single,Male,Employee,,Positive,560006,,77.5877,Post Graduate,Yes,,
203,Yes,No Income,12.9766,Single,Female,Student,,Positive,560001,,77.5993,Post Graduate,Yes,,
204,No,10001 to 25000,12.9217,Single,Male,Employee,,Negative ,560041,,77.5936,Graduate,No,,
205,Yes,No Income,13.0487,Single,Female,Student,,Positive,560024,,77.5923,Post Graduate,Yes,,
206,Yes,No Income,12.9261,Single,Male,Student,,Positive,560034,,77.6221,Graduate,Yes,,
207,Yes,No Income,12.9967,Single,Male,Student,,Positive,560067,,77.7582,Post Graduate,Yes,,
208,Yes,No Income,12.982,Prefer not to say,Female,House wife,,Negative ,560008,,77.6256,Graduate,Yes,,
209,Yes,No Income,12.977,Single,Female,Student,,Positive,560009,,77.5773,Graduate,Yes,,
210,Yes,No Income,12.977,Single,Male,Student,4.0,Positive,560009,21.0,77.5773,Graduate,Yes,,
211,Yes,No Income,12.9766,Single,Female,Student,4.0,Positive,560001,20.0,77.5993,Post Graduate,Yes,,
212,No,More than 50000,13.0809,Married,Male,Self Employeed,1.0,Negative ,560097,30.0,77.5565,Graduate,No,,
213,Yes,No Income,12.8893,Single,Female,Student,6.0,Positive,560068,24.0,77.6399,Post Graduate,Yes,,
214,Yes,No Income,12.9579,Single,Male,Student,2.0,Positive,560007,20.0,77.6309,Graduate,Yes,,
215,Yes,No Income,12.8988,Single,Female,Student,4.0,Positive,560078,23.0,77.5764,Post Graduate,Yes,,
216,No,25001 to 50000,12.9217,Married,Male,Self Employeed,6.0,Positive,560041,27.0,77.5936,Graduate,No,,
217,No,25001 to 50000,12.9217,Married,Male,Self Employeed,6.0,Positive,560041,27.0,77.5936,Graduate,No,,
218,Yes,No Income,13.0158,Single,Female,Student,2.0,Positive,560096,23.0,77.539,Post Graduate,Yes,,
219,No,No Income,12.9369,Single,Female,Student,3.0,Positive,560095,23.0,77.6407,Post Graduate,No,,
220,Yes,No Income,13.0012,Single,Male,Student,6.0,Positive,560046,25.0,77.5995,Post Graduate,Yes,,
221,Yes,Below Rs.10000,12.8652,Single,Male,Student,3.0,Negative ,560109,23.0,77.524,Graduate,Yes,,
222,Yes,No Income,12.985,Single,Male,Student,5.0,Positive,560010,22.0,77.5533,Graduate,Yes,,
223,No,No Income,12.9369,Single,Female,Student,3.0,Positive,560095,23.0,77.6407,Post Graduate,No,,
224,Yes,10001 to 25000,12.9551,Single,Female,Employee,6.0,Positive,560017,23.0,77.6593,Graduate,Yes,,
225,Yes,No Income,12.985,Single,Female,Student,5.0,Positive,560010,22.0,77.5533,Post Graduate,Yes,,
226,No,No Income,13.0138,Single,Male,Student,3.0,Negative ,560006,24.0,77.5877,Post Graduate,No,,
227,Yes,No Income,12.9337,Single,Male,Student,5.0,Positive,560011,24.0,77.59,Post Graduate,Yes,,
228,Yes,More than 50000,12.9119,Married,Male,Employee,5.0,Positive,560102,31.0,77.6446,Ph.D,Yes,,
229,Yes,No Income,12.9706,Single,Male,Student,2.0,Positive,560075,24.0,77.6529,Post Graduate,Yes,,
230,Yes,More than 50000,12.9438,Married,Female,Employee,4.0,Positive,560004,24.0,77.5738,Ph.D,Yes,,
231,No,No Income,13.102,Single,Male,Student,3.0,Positive,560064,23.0,77.5864,Post Graduate,No,,
232,No,Below Rs.10000,12.9866,Prefer not to say,Male,Employee,1.0,Negative ,560091,31.0,77.4904,Graduate,No,,
233,Yes,More than 50000,12.9299,Married,Female,Employee,2.0,Positive,560103,27.0,77.6848,Post Graduate,Yes,,
234,No,No Income,12.977,Single,Male,Student,2.0,Negative ,560009,23.0,77.5773,Post Graduate,No,,
235,Yes,No Income,12.9889,Single,Male,Student,4.0,Positive,560020,22.0,77.5741,Post Graduate,Yes,,
236,No,More than 50000,13.0734,Married,Female,Self Employeed,6.0,Positive,560014,27.0,77.5464,Graduate,No,,
237,Yes,10001 to 25000,12.9037,Single,Male,Student,4.0,Positive,560061,24.0,77.5376,Post Graduate,Yes,,
238,Yes,No Income,12.9757,Single,Female,Student,2.0,Positive,560023,26.0,77.5586,Ph.D,Yes,,
239,Yes,No Income,12.9561,Single,Male,Student,1.0,Positive,560027,23.0,77.5921,Post Graduate,Yes,,
240,Yes,No Income,12.9337,Single,Male,Student,5.0,Positive,560011,24.0,77.59,Post Graduate,Yes,,
241,Yes,25001 to 50000,12.9847,Single,Female,Employee,2.0,Positive,560100,23.0,77.5491,Post Graduate,Yes,,
242,Yes,No Income,12.977,Single,Male,Student,3.0,Positive,560009,23.0,77.5773,Post Graduate,Yes,,
243,Yes,No Income,13.0298,Single,Male,Student,4.0,Positive,560032,22.0,77.6047,Post Graduate,Yes,,
244,Yes,No Income,12.9551,Single,Female,Student,3.0,Positive,560017,25.0,77.6593,Post Graduate,Yes,,
245,Yes,Below Rs.10000,12.9306,Single,Male,Student,3.0,Positive,560085,21.0,77.5434,Post Graduate,Yes,,
246,Yes,25001 to 50000,12.9783,Single,Female,Employee,2.0,Positive,560038,26.0,77.6408,Post Graduate,Yes,,
247,Yes,No Income,12.985,Single,Female,Student,5.0,Positive,560010,22.0,77.5533,Post Graduate,Yes,,
248,Yes,No Income,12.9442,Single,Male,Student,6.0,Positive,560030,19.0,77.6076,Graduate,Yes,,
249,Yes,No Income,12.9925,Single,Male,Student,4.0,Positive,560021,23.0,77.5633,Graduate,Yes,,
250,Yes,No Income,12.8988,Single,Male,Student,5.0,Positive,560078,23.0,77.5764,Post Graduate,Yes,,
251,Yes,25001 to 50000,12.998,Single,Male,Self Employeed,3.0,Positive,560005,25.0,77.6227,Graduate,Yes,,
252,Yes,No Income,13.0487,Single,Female,Student,4.0,Positive,560024,23.0,77.5923,Post Graduate,Yes,,
253,No,More than 50000,13.014,Single,Female,Employee,6.0,Negative ,560012,25.0,77.5658,Post Graduate,No,,
254,No,No Income,12.957,Single,Male,Student,2.0,Negative ,560018,21.0,77.5637,Graduate,No,,
255,Yes,No Income,13.0496,Single,Female,Student,4.0,Positive,560073,24.0,77.4941,Post Graduate,Yes,,
256,No,No Income,13.0019,Single,Male,Student,2.0,Negative ,560003,19.0,77.5713,Graduate,No,,
257,No,25001 to 50000,12.9783,Married,Female,Employee,4.0,Positive,560038,29.0,77.6408,Graduate,No,,
258,Yes,No Income,12.9438,Single,Female,Student,3.0,Positive,560004,23.0,77.5738,Post Graduate,Yes,,
259,Yes,More than 50000,12.9783,Single,Male,Self Employeed,2.0,Positive,560038,25.0,77.6408,Graduate,Yes,,
260,Yes,More than 50000,12.9037,Married,Male,Employee,5.0,Positive,560061,32.0,77.5376,Graduate,Yes,,
261,Yes,25001 to 50000,12.9261,Single,Male,Employee,2.0,Negative ,560034,26.0,77.6221,Graduate,Yes,,
262,Yes,More than 50000,13.0103,Prefer not to say,Male,Self Employeed,2.0,Positive,560080,26.0,77.5796,Post Graduate,Yes,,
263,Yes,More than 50000,12.9635,Married,Male,Employee,5.0,Negative ,560002,32.0,77.5821,Ph.D,Yes,,
264,Yes,25001 to 50000,12.9847,Single,Female,Employee,2.0,Positive,560100,23.0,77.5491,Post Graduate,Yes,,
265,Yes,25001 to 50000,13.0262,Married,Male,Employee,5.0,Positive,560045,28.0,77.62,Post Graduate,Yes,,
266,Yes,No Income,12.985,Single,Female,Student,5.0,Positive,560010,22.0,77.5533,Post Graduate,Yes,,
267,Yes,No Income,12.982,Single,Female,Student,3.0,Negative ,560008,23.0,77.6256,Graduate,Yes,,
268,Yes,Below Rs.10000,12.9551,Single,Male,Student,3.0,Negative ,560017,22.0,77.6593,Post Graduate,Yes,,
269,Yes,No Income,12.9565,Single,Male,Student,3.0,Positive,560026,23.0,77.5484,Graduate,Yes,,
270,No,10001 to 25000,12.9889,Prefer not to say,Female,Employee,3.0,Negative ,560020,23.0,77.5741,Graduate,No,,
271,Yes,No Income,12.9261,Single,Male,Student,2.0,Positive,560034,23.0,77.6221,Post Graduate,Yes,,
272,Yes,25001 to 50000,12.9847,Married,Female,Employee,3.0,Positive,560100,29.0,77.5491,Ph.D,Yes,,
273,Yes,More than 50000,12.9967,Married,Male,Self Employeed,6.0,Positive,560067,30.0,77.7582,Graduate,Yes,,
274,Yes,More than 50000,12.9299,Married,Female,Employee,2.0,Positive,560103,27.0,77.6848,Post Graduate,Yes,,
275,Yes,No Income,12.8834,Married,Female,Student,2.0,Positive,560062,25.0,77.5486,Post Graduate,Yes,,
276,No,25001 to 50000,12.9261,Married,Male,Employee,4.0,Negative ,560034,29.0,77.6221,Graduate,No,,
277,Yes,25001 to 50000,12.8893,Single,Female,Employee,3.0,Positive,560068,24.0,77.6399,Graduate,Yes,,
278,Yes,10001 to 25000,13.0206,Single,Male,Self Employeed,3.0,Positive,560043,25.0,77.6479,Graduate,Yes,,
279,No,More than 50000,13.0138,Prefer not to say,Male,Self Employeed,2.0,Positive,560006,24.0,77.5877,Ph.D,No,,
280,Yes,No Income,12.977,Single,Male,Student,4.0,Positive,560009,21.0,77.5773,Graduate,Yes,,
281,Yes,No Income,12.9473,Single,Female,Student,6.0,Positive,560019,22.0,77.5616,Graduate,Yes,,
282,Yes,No Income,12.9783,Single,Male,Student,5.0,Positive,560038,21.0,77.6408,Graduate,Yes,,
283,Yes,Below Rs.10000,12.985,Single,Male,Student,4.0,Positive,560010,22.0,77.5533,Post Graduate,Yes,,
284,No,No Income,12.977,Single,Male,Student,5.0,Positive,560009,25.0,77.5773,Post Graduate,No,,
285,Yes,No Income,13.0734,Single,Female,Student,3.0,Positive,560014,25.0,77.5464,Post Graduate,Yes,,
286,Yes,No Income,13.0158,Single,Male,Student,3.0,Positive,560096,22.0,77.539,Graduate,Yes,,
287,Yes,No Income,12.977,Single,Male,Student,3.0,Positive,560009,23.0,77.5773,Post Graduate,Yes,,
288,Yes,No Income,12.9561,Single,Male,Student,2.0,Positive,560027,24.0,77.5921,Graduate,Yes,,
289,No,25001 to 50000,13.0103,Single,Female,Self Employeed,3.0,Negative ,560080,24.0,77.5796,Post Graduate,No,,
290,Yes,25001 to 50000,12.985,Single,Male,Employee,3.0,Positive,560010,25.0,77.5533,Post Graduate,Yes,,
291,Yes,No Income,12.982,Single,Female,Student,3.0,Negative ,560008,23.0,77.6256,Graduate,Yes,,
292,Yes,Below Rs.10000,12.985,Single,Male,Student,4.0,Positive,560010,22.0,77.5533,Post Graduate,Yes,,
293,Yes,10001 to 25000,12.9306,Single,Male,Student,3.0,Positive,560085,25.0,77.5434,Post Graduate,Yes,,
294,Yes,No Income,12.998,Married,Female,House wife,5.0,Positive,560005,30.0,77.6227,School,Yes,,
295,Yes,No Income,12.9473,Single,Female,Student,6.0,Positive,560019,22.0,77.5616,Graduate,Yes,,
296,Yes,No Income,12.9983,Single,Female,Student,4.0,Positive,560033,22.0,77.6409,Graduate,Yes,,
297,Yes,Below Rs.10000,13.0626,Married,Female,Student,5.0,Positive,560015,24.0,77.5284,Ph.D,Yes,,
298,Yes,No Income,13.0487,Single,Female,Student,4.0,Positive,560024,23.0,77.5923,Post Graduate,Yes,,
299,Yes,No Income,12.9828,Single,Female,Student,3.0,Positive,560042,24.0,77.6131,Post Graduate,Yes,,
300,Yes,More than 50000,12.9343,Married,Female,Self Employeed,2.0,Positive,560029,24.0,77.6044,Graduate,Yes,,
301,Yes,10001 to 25000,12.9561,Married,Female,Employee,2.0,Positive,560027,24.0,77.5921,Post Graduate,Yes,,
302,Yes,No Income,12.9343,Single,Male,Student,3.0,Positive,560029,23.0,77.6044,Post Graduate,Yes,,
303,Yes,Below Rs.10000,12.977,Single,Male,Student,2.0,Negative ,560009,23.0,77.5773,Post Graduate,Yes,,
304,Yes,25001 to 50000,12.9635,Single,Female,Self Employeed,3.0,Positive,560002,26.0,77.5821,Post Graduate,Yes,,
305,Yes,25001 to 50000,12.9369,Married,Male,Employee,3.0,Positive,560095,28.0,77.6407,Graduate,Yes,,
306,No,10001 to 25000,12.9706,Married,Female,Self Employeed,5.0,Negative ,560075,26.0,77.6529,Graduate,No,,
307,No,No Income,12.977,Single,Male,Student,5.0,Positive,560009,25.0,77.5773,Post Graduate,No,,
308,No,Below Rs.10000,12.9866,Prefer not to say,Male,Employee,1.0,Negative ,560091,31.0,77.4904,Graduate,No,,
309,Yes,No Income,12.9048,Single,Male,Student,4.0,Positive,560036,26.0,77.6821,Post Graduate,Yes,,
310,Yes,Below Rs.10000,12.977,Single,Female,Student,3.0,Positive,560009,24.0,77.5773,Graduate,Yes,,
311,Yes,More than 50000,12.9048,Married,Male,Employee,4.0,Positive,560036,26.0,77.6821,Graduate,Yes,,
312,Yes,No Income,13.0206,Single,Female,Student,5.0,Positive,560043,23.0,77.6479,Graduate,Yes,,
313,Yes,25001 to 50000,13.0158,Single,Male,Student,1.0,Positive,560096,23.0,77.539,Post Graduate,Yes,,
314,Yes,More than 50000,12.9048,Married,Male,Employee,4.0,Positive,560036,26.0,77.6821,Graduate,Yes,,
315,Yes,Below Rs.10000,12.9551,Single,Male,Student,3.0,Negative ,560017,22.0,77.6593,Post Graduate,Yes,,
316,Yes,No Income,12.9925,Single,Male,Student,4.0,Positive,560021,23.0,77.5633,Post Graduate,Yes,,
317,Yes,More than 50000,13.0103,Prefer not to say,Male,Self Employeed,2.0,Positive,560080,26.0,77.5796,Post Graduate,Yes,,
318,Yes,No Income,12.9828,Single,Female,Student,3.0,Positive,560042,24.0,77.6131,Post Graduate,Yes,,
319,Yes,More than 50000,12.9369,Married,Male,Employee,6.0,Positive,560095,30.0,77.6407,Post Graduate,Yes,,
320,No,25001 to 50000,12.9698,Married,Female,Employee,2.0,Positive,560066,27.0,77.75,Post Graduate,No,,
321,Yes,More than 50000,13.0019,Married,Male,Employee,3.0,Positive,560003,28.0,77.5713,Post Graduate,Yes,,
322,Yes,More than 50000,12.989,Married,Male,Self Employeed,3.0,Positive,560079,27.0,77.5332,Graduate,Yes,,
323,No,25001 to 50000,12.9967,Married,Female,Employee,6.0,Negative ,560067,28.0,77.7582,Post Graduate,No,,
324,Yes,No Income,12.9561,Single,Male,Student,2.0,Positive,560027,24.0,77.5921,Graduate,Yes,,
325,Yes,No Income,13.0223,Single,Male,Student,3.0,Positive,560049,23.0,77.7132,Graduate,Yes,,
326,Yes,No Income,13.0487,Single,Female,Student,4.0,Positive,560024,23.0,77.5923,Post Graduate,Yes,,
327,Yes,No Income,12.9048,Single,Female,Student,3.0,Positive,560036,25.0,77.6821,Ph.D,Yes,,
328,Yes,More than 50000,12.8845,Single,Male,Self Employeed,6.0,Positive,560076,29.0,77.6036,Graduate,Yes,,
329,No,25001 to 50000,13.0641,Single,Male,Employee,3.0,Negative ,560092,29.0,77.5931,Graduate,No,,
330,No,More than 50000,12.977,Married,Female,Employee,1.0,Negative ,560009,25.0,77.5773,Graduate,No,,
331,Yes,No Income,12.9438,Single,Male,Student,3.0,Positive,560004,22.0,77.5738,Post Graduate,Yes,,
332,Yes,No Income,12.985,Married,Female,House wife,3.0,Positive,560010,32.0,77.5533,Graduate,Yes,,
333,Yes,No Income,12.9299,Single,Male,Student,3.0,Positive,560103,20.0,77.6848,Graduate,Yes,,
334,Yes,No Income,12.9515,Single,Female,Student,2.0,Positive,560056,22.0,77.4921,Graduate,Yes,,
335,Yes,10001 to 25000,12.9261,Married,Female,Self Employeed,2.0,Positive,560034,27.0,77.6221,Post Graduate,Yes,,
336,No,No Income,13.0298,Single,Female,Student,2.0,Negative ,560032,23.0,77.6047,Graduate,No,,
337,Yes,25001 to 50000,12.9261,Married,Female,Employee,5.0,Positive,560034,32.0,77.6221,Graduate,Yes,,
338,Yes,No Income,12.9369,Single,Female,Student,2.0,Positive,560095,22.0,77.6407,Graduate,Yes,,
339,Yes,25001 to 50000,13.0166,Prefer not to say,Male,Employee,1.0,Positive,560016,27.0,77.6804,Post Graduate,Yes,,
340,Yes,25001 to 50000,12.8845,Married,Male,Employee,2.0,Positive,560076,27.0,77.6036,Graduate,Yes,,
341,Yes,10001 to 25000,12.9149,Single,Male,Self Employeed,2.0,Positive,560070,28.0,77.5635,Post Graduate,Yes,,
342,No,25001 to 50000,12.998,Prefer not to say,Female,Employee,3.0,Negative ,560005,25.0,77.6227,Post Graduate,No,,
343,Yes,No Income,12.982,Single,Male,Student,3.0,Positive,560008,25.0,77.6256,Post Graduate,Yes,,
344,No,10001 to 25000,13.0289,Married,Male,Self Employeed,2.0,Negative ,560022,28.0,77.54,Graduate,No,,
345,Yes,More than 50000,12.8845,Single,Male,Self Employeed,6.0,Positive,560076,29.0,77.6036,Graduate,Yes,,
346,Yes,25001 to 50000,12.9369,Married,Male,Employee,3.0,Positive,560095,28.0,77.6407,Graduate,Yes,,
347,Yes,No Income,12.9048,Single,Female,Student,3.0,Positive,560036,25.0,77.6821,Ph.D,Yes,,
348,Yes,No Income,12.977,Single,Male,Student,3.0,Positive,560009,24.0,77.5773,Post Graduate,Yes,,
349,Yes,More than 50000,12.9662,Married,Male,Self Employeed,4.0,Negative ,560025,30.0,77.6068,Uneducated,Yes,,
350,Yes,No Income,12.985,Single,Female,Student,5.0,Positive,560010,22.0,77.5533,Post Graduate,Yes,,
351,Yes,No Income,13.0289,Married,Female,House wife,5.0,Positive,560022,31.0,77.54,School,Yes,,
352,No,10001 to 25000,12.9828,Married,Female,Employee,2.0,Positive,560042,26.0,77.6131,Post Graduate,No,,
353,Yes,No Income,12.977,Single,Female,Student,3.0,Positive,560009,24.0,77.5773,Post Graduate,Yes,,
354,No,25001 to 50000,13.0626,Married,Female,Employee,3.0,Positive,560015,25.0,77.5284,Graduate,No,,
355,Yes,25001 to 50000,12.9706,Married,Male,Employee,3.0,Positive,560075,32.0,77.6529,Graduate,Yes,,
356,Yes,No Income,12.9706,Single,Male,Student,2.0,Positive,560075,24.0,77.6529,Post Graduate,Yes,,
357,No,25001 to 50000,12.9757,Married,Female,Employee,2.0,Negative ,560023,26.0,77.5586,Post Graduate,No,,
358,Yes,10001 to 25000,12.9048,Prefer not to say,Female,Employee,4.0,Positive,560036,23.0,77.6821,Graduate,Yes,,
359,No,25001 to 50000,12.9579,Married,Male,Employee,5.0,Positive,560007,26.0,77.6309,Graduate,No,,
360,Yes,No Income,12.9537,Single,Female,Student,4.0,Positive,560047,19.0,77.6176,Graduate,Yes,,
361,No,More than 50000,12.9766,Married,Female,Self Employeed,5.0,Positive,560001,27.0,77.5993,Graduate,No,,
362,Yes,More than 50000,12.9925,Married,Male,Employee,1.0,Positive,560021,28.0,77.5633,Post Graduate,Yes,,
363,Yes,No Income,12.9621,Single,Male,Student,5.0,Positive,560104,24.0,77.5376,Post Graduate,Yes,,
364,Yes,No Income,13.0487,Single,Female,Student,4.0,Positive,560024,23.0,77.5923,Post Graduate,Yes,,
365,Yes,No Income,12.8845,Single,Male,Student,3.0,Positive,560076,22.0,77.6036,Post Graduate,Yes,,
366,No,25001 to 50000,13.0641,Single,Male,Employee,3.0,Negative ,560092,29.0,77.5931,Graduate,No,,
367,Yes,No Income,12.8988,Single,Male,Student,5.0,Positive,560078,23.0,77.5764,Post Graduate,Yes,,
368,Yes,No Income,12.9337,Single,Male,Student,2.0,Positive,560011,21.0,77.59,Graduate,Yes,,
369,Yes,More than 50000,12.9662,Married,Female,Employee,5.0,Positive,560025,31.0,77.6068,Ph.D,Yes,,
370,No,25001 to 50000,12.9757,Married,Female,Employee,5.0,Negative ,560023,28.0,77.5586,Graduate,No,,
371,Yes,Below Rs.10000,12.9925,Single,Male,Student,2.0,Positive,560021,25.0,77.5633,Post Graduate,Yes,,
372,Yes,No Income,12.9442,Single,Male,Student,2.0,Positive,560030,23.0,77.6076,Post Graduate,Yes,,
373,Yes,No Income,12.9119,Single,Female,Student,2.0,Positive,560102,22.0,77.6446,Post Graduate,Yes,,
374,No,No Income,13.0012,Single,Male,Student,2.0,Negative ,560046,21.0,77.5995,Graduate,No,,
375,Yes,No Income,13.0103,Single,Male,Student,4.0,Positive,560080,23.0,77.5796,Graduate,Yes,,
376,Yes,More than 50000,12.9783,Single,Male,Self Employeed,2.0,Positive,560038,25.0,77.6408,Graduate,Yes,,
377,No,25001 to 50000,12.9783,Married,Female,Employee,4.0,Negative ,560038,29.0,77.6408,Graduate,No,,
378,No,10001 to 25000,12.9706,Married,Female,Self Employeed,5.0,Negative ,560075,26.0,77.6529,Graduate,No,,
379,Yes,No Income,12.8845,Single,Male,Student,2.0,Positive,560076,23.0,77.6036,Post Graduate,Yes,,
380,Yes,25001 to 50000,12.9766,Single,Male,Self Employeed,3.0,Positive,560001,26.0,77.5993,Graduate,Yes,,
381,No,More than 50000,13.0503,Single,Male,Employee,4.0,Positive,560013,27.0,77.5529,Ph.D,No,,
382,No,More than 50000,12.9337,Single,Male,Employee,3.0,Negative ,560011,26.0,77.59,Post Graduate,No,,
383,Yes,No Income,12.9883,Single,Female,Student,5.0,Positive,560051,24.0,77.5987,Post Graduate,Yes,,
384,Yes,No Income,13.0223,Single,Male,Student,3.0,Positive,560049,23.0,77.7132,Graduate,Yes,,
385,Yes,10001 to 25000,12.985,Single,Female,Student,5.0,Positive,560010,22.0,77.5533,Post Graduate,Yes,,
386,Yes,10001 to 25000,12.9698,Single,Female,Employee,3.0,Positive,560066,22.0,77.75,Graduate,Yes,,
387,Yes,No Income,12.977,Single,Male,Student,1.0,Positive,560009,25.0,77.5773,Graduate,Yes,,
